<?xml version="1.0" encoding="UTF-8"?>
<wls:weblogic-web-app
	xmlns:wls="http://xmlns.oracle.com/weblogic/weblogic-web-app"
	xmlns:xsi="http://www.w3.org/2001/XMLSchema-instance"
	xsi:schemaLocation="http://java.sun.com/xml/ns/javaee 
		https://java.sun.com/xml/ns/javaee/web-app_2_5.xsd 
		https://xmlns.oracle.com/weblogic/weblogic-web-app 
		http://xmlns.oracle.com/weblogic/weblogic-web-app/1.7/weblogic-web-app.xsd">

	<wls:container-descriptor>
		<wls:prefer-application-packages>
			<wls:package-name>org.slf4j.*</wls:package-name>
			<wls:package-name>org.springframework.*</wls:package-name>
			<wls:package-name>com.fasterxml.jackson.*</wls:package-name>
			<wls:package-name>com.google.common.*</wls:package-name>
			<wls:package-name>ch.qos.logback.*</wls:package-name>
			<wls:package-name>com.apache.commons.logging.*</wls:package-name>
		</wls:prefer-application-packages>
		<wls:prefer-application-resources>
			<wls:resource-name>org/slf4j/impl/StaticLoggerBinder.class
			</wls:resource-name>
		</wls:prefer-application-resources>
	</wls:container-descriptor>
	<wls:context-root></wls:context-root>
</wls:weblogic-web-app>
