<?xml version="1.0" encoding="UTF-8"?>
<configuration>
	<appender name="file"
class="ch.qos.logback.core.rolling.RollingFileAppender">
		<File>/logs-apps/RedEAI_001/LIMNWKADDSRV01/claro-red-gestionaddserver/claro-red-gestionaddserver.log</File>
		<encoder
class="ch.qos.logback.classic.encoder.PatternLayoutEncoder">
			<pattern>%d{yyyy-MM-dd HH:mm:ss.SSS} [${weblogic.Name}]-[%-5level]-[%logger{0}:%line]-%msg%n</pattern>
		</encoder>
		<rollingPolicy
class="ch.qos.logback.core.rolling.TimeBasedRollingPolicy">
			<fileNamePattern>/logs-apps/RedEAI_001/LIMNWKADDSRV01/claro-red-gestionaddserver/claro-red-gestionaddserver.%d{yyyy-MM-dd_HH}.log.gz</fileNamePattern>
			<maxHistory>168</maxHistory>
		    </rollingPolicy>
	</appender>
	<appender name="Console-Appender"
class="ch.qos.logback.core.ConsoleAppender">
		<layout>
			<pattern>%msg%n</pattern>
		</layout>
	</appender>
	<root level="INFO">
		<appender-ref ref="file" />
		<appender-ref ref="Console-Appender" />
	</root>
</configuration>